"filename","purpose","intended-screen-or-component","css-display-size","safe-zone","dark-light-compatibility","available-states","recoloring","alt-text-recommendation"
"badges/first-quiz.svg","first quiz achievement badge","badges","56–96 px","2 px optical padding at minimum display size","dark and light","neutral","no or limited","first quiz symbol"
"badges/first-recall.svg","first recall achievement badge","badges","56–96 px","2 px optical padding at minimum display size","dark and light","neutral","no or limited","first recall symbol"
"badges/first-word.svg","first word achievement badge","badges","56–96 px","2 px optical padding at minimum display size","dark and light","neutral","no or limited","first word symbol"
"badges/full-lexicon.svg","full lexicon achievement badge","badges","56–96 px","2 px optical padding at minimum display size","dark and light","neutral","no or limited","full lexicon symbol"
"badges/hall-of-fame.svg","hall of fame achievement badge","badges","56–96 px","2 px optical padding at minimum display size","dark and light","neutral","no or limited","hall of fame symbol"
"badges/kit-inner-bookplate.svg","kit inner bookplate achievement badge","badges","56–96 px","2 px optical padding at minimum display size","dark and light","neutral","no or limited","kit inner bookplate symbol"
"badges/kit-inner-disc.svg","kit inner disc achievement badge","badges","56–96 px","2 px optical padding at minimum display size","dark and light","neutral","no or limited","kit inner disc symbol"
"badges/kit-inner-facet.svg","kit inner facet achievement badge","badges","56–96 px","2 px optical padding at minimum display size","dark and light","neutral","no or limited","kit inner facet symbol"
"badges/kit-outer-diamond.svg","kit outer diamond achievement badge","badges","56–96 px","2 px optical padding at minimum display size","dark and light","neutral","no or limited","kit outer diamond symbol"
"badges/kit-outer-round.svg","kit outer round achievement badge","badges","56–96 px","2 px optical padding at minimum display size","dark and light","neutral","no or limited","kit outer round symbol"
"badges/kit-outer-shield.svg","kit outer shield achievement badge","badges","56–96 px","2 px optical padding at minimum display size","dark and light","neutral","no or limited","kit outer shield symbol"
"badges/kit-ribbon-short.svg","kit ribbon short achievement badge","badges","56–96 px","2 px optical padding at minimum display size","dark and light","neutral","no or limited","kit ribbon short symbol"
"badges/kit-ribbon-wide.svg","kit ribbon wide achievement badge","badges","56–96 px","2 px optical padding at minimum display size","dark and light","neutral","no or limited","kit ribbon wide symbol"
"badges/kit-tab-bottom.svg","kit tab bottom achievement badge","badges","56–96 px","2 px optical padding at minimum display size","dark and light","neutral","no or limited","kit tab bottom symbol"
"badges/kit-tab-sides.svg","kit tab sides achievement badge","badges","56–96 px","2 px optical padding at minimum display size","dark and light","neutral","no or limited","kit tab sides symbol"
"badges/mastered-10.svg","mastered 10 achievement badge","badges","56–96 px","2 px optical padding at minimum display size","dark and light","neutral","no or limited","mastered 10 symbol"
"badges/mastered-100.svg","mastered 100 achievement badge","badges","56–96 px","2 px optical padding at minimum display size","dark and light","neutral","no or limited","mastered 100 symbol"
"badges/mastered-250.svg","mastered 250 achievement badge","badges","56–96 px","2 px optical padding at minimum display size","dark and light","neutral","no or limited","mastered 250 symbol"
"badges/mastered-50.svg","mastered 50 achievement badge","badges","56–96 px","2 px optical padding at minimum display size","dark and light","neutral","no or limited","mastered 50 symbol"
"badges/mastered-500.svg","mastered 500 achievement badge","badges","56–96 px","2 px optical padding at minimum display size","dark and light","neutral","no or limited","mastered 500 symbol"
"badges/perfect-quiz.svg","perfect quiz achievement badge","badges","56–96 px","2 px optical padding at minimum display size","dark and light","neutral","no or limited","perfect quiz symbol"
"badges/practice-specialist.svg","practice specialist achievement badge","badges","56–96 px","2 px optical padding at minimum display size","dark and light","neutral","no or limited","practice specialist symbol"
"badges/review-guardian.svg","review guardian achievement badge","badges","56–96 px","2 px optical padding at minimum display size","dark and light","neutral","no or limited","review guardian symbol"
"badges/state-legendary.svg","state legendary achievement badge","badges","56–96 px","2 px optical padding at minimum display size","dark and light","neutral","no or limited","state legendary symbol"
"badges/state-locked.svg","state locked achievement badge","badges","56–96 px","2 px optical padding at minimum display size","dark and light","locked","no or limited","state locked symbol"
"badges/state-newly-earned.svg","state newly earned achievement badge","badges","56–96 px","2 px optical padding at minimum display size","dark and light","neutral","no or limited","state newly earned symbol"
"badges/streak-100.svg","streak 100 achievement badge","badges","56–96 px","2 px optical padding at minimum display size","dark and light","neutral","no or limited","streak 100 symbol"
"badges/streak-14.svg","streak 14 achievement badge","badges","56–96 px","2 px optical padding at minimum display size","dark and light","neutral","no or limited","streak 14 symbol"
"badges/streak-3.svg","streak 3 achievement badge","badges","56–96 px","2 px optical padding at minimum display size","dark and light","neutral","no or limited","streak 3 symbol"
"badges/streak-30.svg","streak 30 achievement badge","badges","56–96 px","2 px optical padding at minimum display size","dark and light","neutral","no or limited","streak 30 symbol"
"badges/streak-7.svg","streak 7 achievement badge","badges","56–96 px","2 px optical padding at minimum display size","dark and light","neutral","no or limited","streak 7 symbol"
"badges/weekly-champion.svg","weekly champion achievement badge","badges","56–96 px","2 px optical padding at minimum display size","dark and light","neutral","no or limited","weekly champion symbol"
"badges/weekly-points.svg","weekly points achievement badge","badges","56–96 px","2 px optical padding at minimum display size","dark and light","neutral","no or limited","weekly points symbol"
"badges/word-charge-specialist.svg","word charge specialist achievement badge","badges","56–96 px","2 px optical padding at minimum display size","dark and light","neutral","no or limited","word charge specialist symbol"
"badges/word-hunt-winner.svg","word hunt winner achievement badge","badges","56–96 px","2 px optical padding at minimum display size","dark and light","neutral","no or limited","word hunt winner symbol"
"core/knowledge-spark.svg","knowledge spark visual asset","core","24–120 px","2 px optical padding at minimum display size","dark and light","neutral","no or limited","decorative"
"core/lexicon-pattern.svg","lexicon pattern visual asset","core","24–120 px","2 px optical padding at minimum display size","dark and light","neutral","yes — currentColor where present","decorative"
"core/memory-constellation.svg","memory constellation visual asset","core","24–120 px","2 px optical padding at minimum display size","dark and light","neutral","yes — currentColor where present","memory constellation symbol"
"core/orbit-ring.svg","orbit ring visual asset","core","24–120 px","2 px optical padding at minimum display size","dark and light","neutral","yes — currentColor where present","decorative"
"core/page-corner-flourish.svg","page corner flourish visual asset","core","24–120 px","2 px optical padding at minimum display size","dark and light","neutral","yes — currentColor where present","decorative"
"core/recall-pulse.svg","recall pulse visual asset","core","24–120 px","2 px optical padding at minimum display size","dark and light","neutral","no or limited","decorative"
"flashcards/back-frame.svg","back frame visual asset","flashcards","24–120 px","2 px optical padding at minimum display size","dark and light","neutral","yes — currentColor where present","back frame symbol"
"flashcards/flip-corner.svg","flip corner visual asset","flashcards","24–120 px","2 px optical padding at minimum display size","dark and light","neutral","yes — currentColor where present","decorative"
"flashcards/front-frame.svg","front frame visual asset","flashcards","24–120 px","2 px optical padding at minimum display size","dark and light","neutral","yes — currentColor where present","front frame symbol"
"flashcards/got-it.svg","got it visual asset","flashcards","24–120 px","2 px optical padding at minimum display size","dark and light","neutral","yes — currentColor where present","got it symbol"
"flashcards/missed.svg","missed visual asset","flashcards","24–120 px","2 px optical padding at minimum display size","dark and light","neutral","yes — currentColor where present","missed symbol"
"flashcards/pronunciation.svg","pronunciation visual asset","flashcards","24–120 px","2 px optical padding at minimum display size","dark and light","neutral","yes — currentColor where present","pronunciation symbol"
"flashcards/session-complete.svg","session complete visual asset","flashcards","24–120 px","2 px optical padding at minimum display size","dark and light","success","yes — currentColor where present","session complete symbol"
"flashcards/unsure.svg","unsure visual asset","flashcards","24–120 px","2 px optical padding at minimum display size","dark and light","neutral","yes — currentColor where present","unsure symbol"
"games/completed.svg","completed visual asset","games","24–120 px","2 px optical padding at minimum display size","dark and light","success","yes — currentColor where present","completed symbol"
"games/daily-challenges.svg","daily challenges visual asset","games","24–120 px","2 px optical padding at minimum display size","dark and light","neutral","yes — currentColor where present","daily challenges symbol"
"games/past-rounds.svg","past rounds visual asset","games","24–120 px","2 px optical padding at minimum display size","dark and light","neutral","yes — currentColor where present","past rounds symbol"
"games/quick-play.svg","quick play visual asset","games","24–120 px","2 px optical padding at minimum display size","dark and light","neutral","yes — currentColor where present","quick play symbol"
"games/unavailable.svg","unavailable visual asset","games","24–120 px","2 px optical padding at minimum display size","dark and light","neutral","yes — currentColor where present","unavailable symbol"
"games/word-charge.webp","word charge visual asset","games","160–512 px","keep outer 12% clear; live copy remains outside artwork","dark and light","neutral","no or limited","word charge symbol"
"games/word-charge/charge-empty.svg","charge empty visual asset","games","24–120 px","2 px optical padding at minimum display size","dark and light","neutral","yes — currentColor where present","charge empty symbol"
"games/word-charge/charge-full.svg","charge full visual asset","games","24–120 px","2 px optical padding at minimum display size","dark and light","neutral","yes — currentColor where present","charge full symbol"
"games/word-charge/charge-high.svg","charge high visual asset","games","24–120 px","2 px optical padding at minimum display size","dark and light","neutral","yes — currentColor where present","charge high symbol"
"games/word-charge/charge-low.svg","charge low visual asset","games","24–120 px","2 px optical padding at minimum display size","dark and light","neutral","yes — currentColor where present","charge low symbol"
"games/word-charge/charge-medium.svg","charge medium visual asset","games","24–120 px","2 px optical padding at minimum display size","dark and light","neutral","yes — currentColor where present","charge medium symbol"
"games/word-charge/combo.svg","combo visual asset","games","24–120 px","2 px optical padding at minimum display size","dark and light","neutral","yes — currentColor where present","combo symbol"
"games/word-charge/correct-burst.webp","correct burst visual asset","games","160–512 px","keep outer 12% clear; live copy remains outside artwork","dark and light","success","no or limited","correct burst symbol"
"games/word-charge/explanation-header.svg","explanation header visual asset","games","24–120 px","2 px optical padding at minimum display size","dark and light","neutral","yes — currentColor where present","explanation header symbol"
"games/word-charge/incorrect-discharge.webp","incorrect discharge visual asset","games","160–512 px","keep outer 12% clear; live copy remains outside artwork","dark and light","success","no or limited","incorrect discharge symbol"
"games/word-charge/insignia.svg","insignia visual asset","games","24–120 px","2 px optical padding at minimum display size","dark and light","neutral","yes — currentColor where present","insignia symbol"
"games/word-charge/meter-frame.svg","meter frame visual asset","games","24–120 px","2 px optical padding at minimum display size","dark and light","neutral","yes — currentColor where present","meter frame symbol"
"games/word-charge/result-excellent.svg","result excellent visual asset","games","24–120 px","2 px optical padding at minimum display size","dark and light","neutral","yes — currentColor where present","result excellent symbol"
"games/word-charge/result-good.svg","result good visual asset","games","24–120 px","2 px optical padding at minimum display size","dark and light","neutral","yes — currentColor where present","result good symbol"
"games/word-charge/result-perfect.svg","result perfect visual asset","games","24–120 px","2 px optical padding at minimum display size","dark and light","neutral","yes — currentColor where present","result perfect symbol"
"games/word-charge/result-weak.svg","result weak visual asset","games","24–120 px","2 px optical padding at minimum display size","dark and light","neutral","yes — currentColor where present","result weak symbol"
"games/word-charge/time-pressure.svg","time pressure visual asset","games","24–120 px","2 px optical padding at minimum display size","dark and light","neutral","yes — currentColor where present","time pressure symbol"
"games/word-charge/word-card.svg","word card visual asset","games","24–120 px","2 px optical padding at minimum display size","dark and light","neutral","yes — currentColor where present","word card symbol"
"games/word-hunt.webp","word hunt visual asset","games","160–512 px","keep outer 12% clear; live copy remains outside artwork","dark and light","neutral","no or limited","word hunt symbol"
"games/word-hunt/archive-thumbnail.svg","archive thumbnail visual asset","games","24–120 px","2 px optical padding at minimum display size","dark and light","neutral","yes — currentColor where present","archive thumbnail symbol"
"games/word-hunt/attempt-correct.svg","attempt correct visual asset","games","24–120 px","2 px optical padding at minimum display size","dark and light","success","yes — currentColor where present","attempt correct symbol"
"games/word-hunt/attempt-failed.svg","attempt failed visual asset","games","24–120 px","2 px optical padding at minimum display size","dark and light","danger","yes — currentColor where present","attempt failed symbol"
"games/word-hunt/attempt-unused.svg","attempt unused visual asset","games","24–120 px","2 px optical padding at minimum display size","dark and light","neutral","yes — currentColor where present","attempt unused symbol"
"games/word-hunt/attempt-used.svg","attempt used visual asset","games","24–120 px","2 px optical padding at minimum display size","dark and light","neutral","yes — currentColor where present","attempt used symbol"
"games/word-hunt/clue-card.svg","clue card visual asset","games","24–120 px","2 px optical padding at minimum display size","dark and light","neutral","yes — currentColor where present","clue card symbol"
"games/word-hunt/clue-categories.svg","clue categories visual asset","games","24–120 px","2 px optical padding at minimum display size","dark and light","neutral","yes — currentColor where present","clue categories symbol"
"games/word-hunt/daily-streak.svg","daily streak visual asset","games","24–120 px","2 px optical padding at minimum display size","dark and light","neutral","yes — currentColor where present","daily streak symbol"
"games/word-hunt/dossier-closed.webp","dossier closed visual asset","games","160–512 px","keep outer 12% clear; live copy remains outside artwork","dark and light","neutral","no or limited","dossier closed symbol"
"games/word-hunt/evidence-motifs.svg","evidence motifs visual asset","games","24–120 px","2 px optical padding at minimum display size","dark and light","neutral","yes — currentColor where present","decorative"
"games/word-hunt/guess-history.svg","guess history visual asset","games","24–120 px","2 px optical padding at minimum display size","dark and light","neutral","yes — currentColor where present","guess history symbol"
"games/word-hunt/hidden-word.svg","hidden word visual asset","games","24–120 px","2 px optical padding at minimum display size","dark and light","neutral","yes — currentColor where present","hidden word symbol"
"games/word-hunt/insignia.svg","insignia visual asset","games","24–120 px","2 px optical padding at minimum display size","dark and light","neutral","yes — currentColor where present","insignia symbol"
"games/word-hunt/reveal-failed.webp","reveal failed visual asset","games","160–512 px","keep outer 12% clear; live copy remains outside artwork","dark and light","danger","no or limited","reveal failed symbol"
"games/word-hunt/reveal-success.webp","reveal success visual asset","games","160–512 px","keep outer 12% clear; live copy remains outside artwork","dark and light","success","no or limited","reveal success symbol"
"help/flashcard-flow.svg","flashcard flow visual asset","help","24–120 px","2 px optical padding at minimum display size","dark and light","neutral","yes — currentColor where present","flashcard flow symbol"
"help/learn-recall-review-master.svg","learn recall review master visual asset","help","24–120 px","2 px optical padding at minimum display size","dark and light","neutral","yes — currentColor where present","learn recall review master symbol"
"help/mastery-stages.svg","mastery stages visual asset","help","24–120 px","2 px optical padding at minimum display size","dark and light","neutral","no or limited","mastery stages symbol"
"help/points-earned.svg","points earned visual asset","help","24–120 px","2 px optical padding at minimum display size","dark and light","neutral","yes — currentColor where present","points earned symbol"
"help/quiz-flow.svg","quiz flow visual asset","help","24–120 px","2 px optical padding at minimum display size","dark and light","neutral","yes — currentColor where present","quiz flow symbol"
"help/spaced-repetition.svg","spaced repetition visual asset","help","24–120 px","2 px optical padding at minimum display size","dark and light","neutral","yes — currentColor where present","spaced repetition symbol"
"help/streaks-daily-goals.svg","streaks daily goals visual asset","help","24–120 px","2 px optical padding at minimum display size","dark and light","neutral","yes — currentColor where present","streaks daily goals symbol"
"help/theme-letter-paths.svg","theme letter paths visual asset","help","24–120 px","2 px optical padding at minimum display size","dark and light","neutral","yes — currentColor where present","theme letter paths symbol"
"home/daily-goal-ring.svg","daily goal ring visual asset","home","24–120 px","2 px optical padding at minimum display size","dark and light","neutral","yes — currentColor where present","decorative"
"home/deadline-passed.webp","deadline passed visual asset","home","160–512 px","keep outer 12% clear; live copy remains outside artwork","dark and light","success","no or limited","deadline passed symbol"
"home/dossier-closed.webp","dossier closed visual asset","home","160–512 px","keep outer 12% clear; live copy remains outside artwork","dark and light","neutral","no or limited","dossier closed symbol"
"home/dossier-clue-pin.svg","dossier clue pin visual asset","home","24–120 px","2 px optical padding at minimum display size","dark and light","neutral","yes — currentColor where present","dossier clue pin symbol"
"home/dossier-evidence-motifs.svg","dossier evidence motifs visual asset","home","24–120 px","2 px optical padding at minimum display size","dark and light","neutral","yes — currentColor where present","decorative"
"home/dossier-header.svg","dossier header visual asset","home","24–120 px","2 px optical padding at minimum display size","dark and light","neutral","yes — currentColor where present","dossier header symbol"
"home/dossier-seal-frame.svg","dossier seal frame visual asset","home","24–120 px","2 px optical padding at minimum display size","dark and light","neutral","yes — currentColor where present","dossier seal frame symbol"
"home/due-review-mark.svg","due review mark visual asset","home","24–120 px","2 px optical padding at minimum display size","dark and light","neutral","yes — currentColor where present","due review mark symbol"
"home/goal-complete.svg","goal complete visual asset","home","24–120 px","2 px optical padding at minimum display size","dark and light","success","yes — currentColor where present","goal complete symbol"
"home/library-unlock-free.webp","library unlock free visual asset","home","160–512 px","keep outer 12% clear; live copy remains outside artwork","dark and light","neutral","no or limited","library unlock free symbol"
"home/library-unlock-premium.webp","library unlock premium visual asset","home","160–512 px","keep outer 12% clear; live copy remains outside artwork","dark and light","neutral","no or limited","library unlock premium symbol"
"home/mastery-familiar.svg","mastery familiar visual asset","home","24–120 px","2 px optical padding at minimum display size","dark and light","neutral","no or limited","mastery familiar symbol"
"home/mastery-learning.svg","mastery learning visual asset","home","24–120 px","2 px optical padding at minimum display size","dark and light","neutral","no or limited","mastery learning symbol"
"home/mastery-mastered.svg","mastery mastered visual asset","home","24–120 px","2 px optical padding at minimum display size","dark and light","neutral","no or limited","mastery mastered symbol"
"home/mastery-new.svg","mastery new visual asset","home","24–120 px","2 px optical padding at minimum display size","dark and light","neutral","no or limited","mastery new symbol"
"home/mastery-strong.svg","mastery strong visual asset","home","24–120 px","2 px optical padding at minimum display size","dark and light","neutral","no or limited","mastery strong symbol"
"home/recommendation-due-review.png","recommendation due review visual asset","home","24–120 px","2 px optical padding at minimum display size","dark and light","neutral","no or limited","recommendation due review symbol"
"home/recommendation-due-review.webp","recommendation due review visual asset","home","160–512 px","keep outer 12% clear; live copy remains outside artwork","dark and light","neutral","no or limited","recommendation due review symbol"
"home/recommendation-learn-new.webp","recommendation learn new visual asset","home","160–512 px","keep outer 12% clear; live copy remains outside artwork","dark and light","neutral","no or limited","recommendation learn new symbol"
"home/recommendation-repair-weak.webp","recommendation repair weak visual asset","home","160–512 px","keep outer 12% clear; live copy remains outside artwork","dark and light","neutral","no or limited","recommendation repair weak symbol"
"home/recommendation-resume-learning.webp","recommendation resume learning visual asset","home","160–512 px","keep outer 12% clear; live copy remains outside artwork","dark and light","neutral","no or limited","recommendation resume learning symbol"
"home/recommendation-resume-quiz.webp","recommendation resume quiz visual asset","home","160–512 px","keep outer 12% clear; live copy remains outside artwork","dark and light","neutral","no or limited","recommendation resume quiz symbol"
"home/recommendation-start-recall.webp","recommendation start recall visual asset","home","160–512 px","keep outer 12% clear; live copy remains outside artwork","dark and light","neutral","no or limited","recommendation start recall symbol"
"home/streak-ember.svg","streak ember visual asset","home","24–120 px","2 px optical padding at minimum display size","dark and light","neutral","yes — currentColor where present","streak ember symbol"
"home/study-deadline.svg","study deadline visual asset","home","24–120 px","2 px optical padding at minimum display size","dark and light","neutral","yes — currentColor where present","study deadline symbol"
"home/weekly-challenge.svg","weekly challenge visual asset","home","24–120 px","2 px optical padding at minimum display size","dark and light","neutral","yes — currentColor where present","weekly challenge symbol"
"home/weekly-points-seal.svg","weekly points seal visual asset","home","24–120 px","2 px optical padding at minimum display size","dark and light","neutral","yes — currentColor where present","weekly points seal symbol"
"leaderboard/all-time.svg","all time visual asset","leaderboard","24–120 px","2 px optical padding at minimum display size","dark and light","neutral","yes — currentColor where present","all time symbol"
"leaderboard/current-user.svg","current user visual asset","leaderboard","24–120 px","2 px optical padding at minimum display size","dark and light","neutral","yes — currentColor where present","current user symbol"
"leaderboard/first-place.svg","first place visual asset","leaderboard","24–120 px","2 px optical padding at minimum display size","dark and light","neutral","no or limited","first place symbol"
"leaderboard/hall-of-fame-empty.webp","hall of fame empty visual asset","leaderboard","160–512 px","keep outer 12% clear; live copy remains outside artwork","dark and light","neutral","no or limited","hall of fame empty symbol"
"leaderboard/hall-of-fame.svg","hall of fame visual asset","leaderboard","24–120 px","2 px optical padding at minimum display size","dark and light","neutral","yes — currentColor where present","hall of fame symbol"
"leaderboard/podium.webp","podium visual asset","leaderboard","160–512 px","keep outer 12% clear; live copy remains outside artwork","dark and light","neutral","no or limited","podium symbol"
"leaderboard/rank-down.svg","rank down visual asset","leaderboard","24–120 px","2 px optical padding at minimum display size","dark and light","neutral","yes — currentColor where present","rank down symbol"
"leaderboard/rank-up.svg","rank up visual asset","leaderboard","24–120 px","2 px optical padding at minimum display size","dark and light","neutral","yes — currentColor where present","rank up symbol"
"leaderboard/second-place.svg","second place visual asset","leaderboard","24–120 px","2 px optical padding at minimum display size","dark and light","neutral","no or limited","second place symbol"
"leaderboard/third-place.svg","third place visual asset","leaderboard","24–120 px","2 px optical padding at minimum display size","dark and light","neutral","no or limited","third place symbol"
"leaderboard/weekly.svg","weekly visual asset","leaderboard","24–120 px","2 px optical padding at minimum display size","dark and light","neutral","yes — currentColor where present","weekly symbol"
"navigation/accessibility.svg","accessibility navigation or interface symbol","navigation","20–32 px","2 px optical padding at minimum display size","dark and light","neutral","yes — currentColor where present","accessibility symbol"
"navigation/back.svg","back navigation or interface symbol","navigation","20–32 px","2 px optical padding at minimum display size","dark and light","neutral","yes — currentColor where present","back symbol"
"navigation/close.svg","close navigation or interface symbol","navigation","20–32 px","2 px optical padding at minimum display size","dark and light","neutral","yes — currentColor where present","close symbol"
"navigation/desktop-active-edge.svg","desktop active edge navigation or interface symbol","navigation","20–32 px","2 px optical padding at minimum display size","dark and light","active","yes — currentColor where present","decorative"
"navigation/download.svg","download navigation or interface symbol","navigation","20–32 px","2 px optical padding at minimum display size","dark and light","neutral","yes — currentColor where present","download symbol"
"navigation/filter.svg","filter navigation or interface symbol","navigation","20–32 px","2 px optical padding at minimum display size","dark and light","neutral","yes — currentColor where present","filter symbol"
"navigation/focus-spark.svg","focus spark navigation or interface symbol","navigation","20–32 px","2 px optical padding at minimum display size","dark and light","neutral","yes — currentColor where present","decorative"
"navigation/forward.svg","forward navigation or interface symbol","navigation","20–32 px","2 px optical padding at minimum display size","dark and light","neutral","yes — currentColor where present","forward symbol"
"navigation/games.svg","games navigation or interface symbol","navigation","20–32 px","2 px optical padding at minimum display size","dark and light","neutral","yes — currentColor where present","games symbol"
"navigation/haptics.svg","haptics navigation or interface symbol","navigation","20–32 px","2 px optical padding at minimum display size","dark and light","neutral","yes — currentColor where present","haptics symbol"
"navigation/help.svg","help navigation or interface symbol","navigation","20–32 px","2 px optical padding at minimum display size","dark and light","neutral","yes — currentColor where present","help symbol"
"navigation/home.svg","home navigation or interface symbol","navigation","20–32 px","2 px optical padding at minimum display size","dark and light","neutral","yes — currentColor where present","home symbol"
"navigation/install.svg","install navigation or interface symbol","navigation","20–32 px","2 px optical padding at minimum display size","dark and light","neutral","yes — currentColor where present","install symbol"
"navigation/leaderboard.svg","leaderboard navigation or interface symbol","navigation","20–32 px","2 px optical padding at minimum display size","dark and light","neutral","yes — currentColor where present","leaderboard symbol"
"navigation/lock.svg","lock navigation or interface symbol","navigation","20–32 px","2 px optical padding at minimum display size","dark and light","neutral","yes — currentColor where present","lock symbol"
"navigation/mobile-active-limelight.webp","mobile active limelight navigation or interface symbol","navigation","20–32 px","keep outer 12% clear; live copy remains outside artwork","dark and light","active","no or limited","decorative"
"navigation/notification.svg","notification navigation or interface symbol","navigation","20–32 px","2 px optical padding at minimum display size","dark and light","neutral","yes — currentColor where present","notification symbol"
"navigation/offline.svg","offline navigation or interface symbol","navigation","20–32 px","2 px optical padding at minimum display size","dark and light","neutral","yes — currentColor where present","offline symbol"
"navigation/online.svg","online navigation or interface symbol","navigation","20–32 px","2 px optical padding at minimum display size","dark and light","neutral","yes — currentColor where present","online symbol"
"navigation/practice.svg","practice navigation or interface symbol","navigation","20–32 px","2 px optical padding at minimum display size","dark and light","neutral","yes — currentColor where present","practice symbol"
"navigation/profile.svg","profile navigation or interface symbol","navigation","20–32 px","2 px optical padding at minimum display size","dark and light","neutral","yes — currentColor where present","profile symbol"
"navigation/reduced-motion.svg","reduced motion navigation or interface symbol","navigation","20–32 px","2 px optical padding at minimum display size","dark and light","neutral","yes — currentColor where present","reduced motion symbol"
"navigation/retry.svg","retry navigation or interface symbol","navigation","20–32 px","2 px optical padding at minimum display size","dark and light","neutral","yes — currentColor where present","retry symbol"
"navigation/search.svg","search navigation or interface symbol","navigation","20–32 px","2 px optical padding at minimum display size","dark and light","neutral","yes — currentColor where present","search symbol"
"navigation/section-divider.svg","section divider navigation or interface symbol","navigation","20–32 px","2 px optical padding at minimum display size","dark and light","neutral","yes — currentColor where present","decorative"
"navigation/settings.svg","settings navigation or interface symbol","navigation","20–32 px","2 px optical padding at minimum display size","dark and light","neutral","yes — currentColor where present","settings symbol"
"navigation/share.svg","share navigation or interface symbol","navigation","20–32 px","2 px optical padding at minimum display size","dark and light","neutral","yes — currentColor where present","share symbol"
"navigation/sound-off.svg","sound off navigation or interface symbol","navigation","20–32 px","2 px optical padding at minimum display size","dark and light","neutral","yes — currentColor where present","sound off symbol"
"navigation/sound-on.svg","sound on navigation or interface symbol","navigation","20–32 px","2 px optical padding at minimum display size","dark and light","neutral","yes — currentColor where present","sound on symbol"
"navigation/speaker.svg","speaker navigation or interface symbol","navigation","20–32 px","2 px optical padding at minimum display size","dark and light","neutral","yes — currentColor where present","speaker symbol"
"navigation/study.svg","study navigation or interface symbol","navigation","20–32 px","2 px optical padding at minimum display size","dark and light","neutral","yes — currentColor where present","study symbol"
"navigation/text-larger.svg","text larger navigation or interface symbol","navigation","20–32 px","2 px optical padding at minimum display size","dark and light","neutral","yes — currentColor where present","text larger symbol"
"navigation/theme-dark.svg","theme dark navigation or interface symbol","navigation","20–32 px","2 px optical padding at minimum display size","dark and light","neutral","yes — currentColor where present","theme dark symbol"
"navigation/theme-light.svg","theme light navigation or interface symbol","navigation","20–32 px","2 px optical padding at minimum display size","dark and light","neutral","yes — currentColor where present","theme light symbol"
"navigation/unlock.svg","unlock navigation or interface symbol","navigation","20–32 px","2 px optical padding at minimum display size","dark and light","neutral","yes — currentColor where present","unlock symbol"
"navigation/update.svg","update navigation or interface symbol","navigation","20–32 px","2 px optical padding at minimum display size","dark and light","neutral","yes — currentColor where present","update symbol"
"onboarding/first-recall-success.webp","first recall success visual asset","onboarding","160–512 px","keep outer 12% clear; live copy remains outside artwork","dark and light","success","no or limited","first recall success symbol"
"onboarding/first-recall.webp","first recall visual asset","onboarding","160–512 px","keep outer 12% clear; live copy remains outside artwork","dark and light","neutral","no or limited","first recall symbol"
"onboarding/learning-goal.webp","learning goal visual asset","onboarding","160–512 px","keep outer 12% clear; live copy remains outside artwork","dark and light","neutral","no or limited","learning goal symbol"
"onboarding/learning-sprint.webp","learning sprint visual asset","onboarding","160–512 px","keep outer 12% clear; live copy remains outside artwork","dark and light","neutral","no or limited","learning sprint symbol"
"onboarding/pace-deadline.webp","pace deadline visual asset","onboarding","160–512 px","keep outer 12% clear; live copy remains outside artwork","dark and light","neutral","no or limited","pace deadline symbol"
"onboarding/welcome.webp","welcome visual asset","onboarding","160–512 px","keep outer 12% clear; live copy remains outside artwork","dark and light","neutral","no or limited","welcome symbol"
"practice/builder-hero.webp","builder hero visual asset","practice","160–512 px","keep outer 12% clear; live copy remains outside artwork","dark and light","neutral","no or limited","builder hero symbol"
"practice/exam-mode-locked.svg","exam mode locked visual asset","practice","24–120 px","2 px optical padding at minimum display size","dark and light","locked","yes — currentColor where present","exam mode locked symbol"
"practice/exam-mode-unlocked.svg","exam mode unlocked visual asset","practice","24–120 px","2 px optical padding at minimum display size","dark and light","locked","yes — currentColor where present","exam mode unlocked symbol"
"practice/exam-mode.svg","exam mode visual asset","practice","24–120 px","2 px optical padding at minimum display size","dark and light","neutral","yes — currentColor where present","exam mode symbol"
"practice/letter-selected.svg","letter selected visual asset","practice","24–120 px","2 px optical padding at minimum display size","dark and light","neutral","yes — currentColor where present","letter selected symbol"
"practice/no-selection.webp","no selection visual asset","practice","160–512 px","keep outer 12% clear; live copy remains outside artwork","dark and light","neutral","no or limited","no selection symbol"
"practice/ready.webp","ready visual asset","practice","160–512 px","keep outer 12% clear; live copy remains outside artwork","dark and light","neutral","no or limited","ready symbol"
"practice/selection-all.svg","selection all visual asset","practice","24–120 px","2 px optical padding at minimum display size","dark and light","neutral","yes — currentColor where present","selection all symbol"
"practice/selection-none.svg","selection none visual asset","practice","24–120 px","2 px optical padding at minimum display size","dark and light","neutral","yes — currentColor where present","selection none symbol"
"practice/selection-partial.svg","selection partial visual asset","practice","24–120 px","2 px optical padding at minimum display size","dark and light","neutral","yes — currentColor where present","selection partial symbol"
"practice/start-accent.svg","start accent visual asset","practice","24–120 px","2 px optical padding at minimum display size","dark and light","neutral","yes — currentColor where present","start accent symbol"
"practice/theme-selected-edge.svg","theme selected edge visual asset","practice","24–120 px","2 px optical padding at minimum display size","dark and light","neutral","yes — currentColor where present","decorative"
"profile/accessibility.svg","accessibility visual asset","profile","24–120 px","2 px optical padding at minimum display size","dark and light","neutral","yes — currentColor where present","accessibility symbol"
"profile/appearance.svg","appearance visual asset","profile","24–120 px","2 px optical padding at minimum display size","dark and light","neutral","yes — currentColor where present","appearance symbol"
"profile/avatar-frame.svg","avatar frame visual asset","profile","24–120 px","2 px optical padding at minimum display size","dark and light","neutral","yes — currentColor where present","avatar frame symbol"
"profile/danger-zone.svg","danger zone visual asset","profile","24–120 px","2 px optical padding at minimum display size","dark and light","danger","yes — currentColor where present","danger zone symbol"
"profile/deadline-editor.webp","deadline editor visual asset","profile","160–512 px","keep outer 12% clear; live copy remains outside artwork","dark and light","neutral","no or limited","deadline editor symbol"
"profile/distinctions.svg","distinctions visual asset","profile","24–120 px","2 px optical padding at minimum display size","dark and light","neutral","yes — currentColor where present","distinctions symbol"
"profile/initials-frame.svg","initials frame visual asset","profile","24–120 px","2 px optical padding at minimum display size","dark and light","neutral","yes — currentColor where present","initials frame symbol"
"profile/lexicon.svg","lexicon visual asset","profile","24–120 px","2 px optical padding at minimum display size","dark and light","neutral","yes — currentColor where present","lexicon symbol"
"profile/no-badges.webp","no badges visual asset","profile","160–512 px","keep outer 12% clear; live copy remains outside artwork","dark and light","neutral","no or limited","no badges symbol"
"profile/notifications.svg","notifications visual asset","profile","24–120 px","2 px optical padding at minimum display size","dark and light","neutral","yes — currentColor where present","notifications symbol"
"profile/search-empty.webp","search empty visual asset","profile","160–512 px","keep outer 12% clear; live copy remains outside artwork","dark and light","neutral","no or limited","search empty symbol"
"profile/sign-out.svg","sign out visual asset","profile","24–120 px","2 px optical padding at minimum display size","dark and light","neutral","yes — currentColor where present","sign out symbol"
"profile/statistics.svg","statistics visual asset","profile","24–120 px","2 px optical padding at minimum display size","dark and light","neutral","yes — currentColor where present","statistics symbol"
"profile/word-progress.webp","word progress visual asset","profile","160–512 px","keep outer 12% clear; live copy remains outside artwork","dark and light","neutral","no or limited","word progress symbol"
"quiz/correct.svg","correct visual asset","quiz","24–120 px","2 px optical padding at minimum display size","dark and light","success","yes — currentColor where present","correct symbol"
"quiz/feedback.svg","feedback visual asset","quiz","24–120 px","2 px optical padding at minimum display size","dark and light","neutral","yes — currentColor where present","feedback symbol"
"quiz/incorrect.svg","incorrect visual asset","quiz","24–120 px","2 px optical padding at minimum display size","dark and light","success","yes — currentColor where present","incorrect symbol"
"quiz/pass.svg","pass visual asset","quiz","24–120 px","2 px optical padding at minimum display size","dark and light","success","yes — currentColor where present","pass symbol"
"quiz/perfect-score.svg","perfect score visual asset","quiz","24–120 px","2 px optical padding at minimum display size","dark and light","neutral","yes — currentColor where present","perfect score symbol"
"quiz/points-earned.svg","points earned visual asset","quiz","24–120 px","2 px optical padding at minimum display size","dark and light","neutral","yes — currentColor where present","points earned symbol"
"quiz/question-card.svg","question card visual asset","quiz","24–120 px","2 px optical padding at minimum display size","dark and light","neutral","yes — currentColor where present","question card symbol"
"quiz/selected.svg","selected visual asset","quiz","24–120 px","2 px optical padding at minimum display size","dark and light","neutral","yes — currentColor where present","selected symbol"
"quiz/summary-ring.svg","summary ring visual asset","quiz","24–120 px","2 px optical padding at minimum display size","dark and light","neutral","yes — currentColor where present","decorative"
"quiz/timer-urgent.svg","timer urgent visual asset","quiz","24–120 px","2 px optical padding at minimum display size","dark and light","active","yes — currentColor where present","timer urgent symbol"
"quiz/timer.svg","timer visual asset","quiz","24–120 px","2 px optical padding at minimum display size","dark and light","neutral","yes — currentColor where present","timer symbol"
"quiz/try-again.svg","try again visual asset","quiz","24–120 px","2 px optical padding at minimum display size","dark and light","neutral","yes — currentColor where present","try again symbol"
"review/all-caught-up.webp","all caught up visual asset","review","160–512 px","keep outer 12% clear; live copy remains outside artwork","dark and light","neutral","no or limited","all caught up symbol"
"review/due-later.svg","due later visual asset","review","24–120 px","2 px optical padding at minimum display size","dark and light","neutral","yes — currentColor where present","due later symbol"
"review/due-now.svg","due now visual asset","review","24–120 px","2 px optical padding at minimum display size","dark and light","neutral","yes — currentColor where present","due now symbol"
"review/overdue.svg","overdue visual asset","review","24–120 px","2 px optical padding at minimum display size","dark and light","danger","yes — currentColor where present","overdue symbol"
"review/review-complete.webp","review complete visual asset","review","160–512 px","keep outer 12% clear; live copy remains outside artwork","dark and light","success","no or limited","review complete symbol"
"review/srs-orbit.svg","srs orbit visual asset","review","24–120 px","2 px optical padding at minimum display size","dark and light","neutral","yes — currentColor where present","srs orbit symbol"
"states/content-locked.webp","content locked visual asset","states","160–512 px","keep outer 12% clear; live copy remains outside artwork","dark and light","locked","no or limited","content locked symbol"
"states/empty-lexicon.png","empty lexicon visual asset","states","24–120 px","2 px optical padding at minimum display size","dark and light","neutral","no or limited","empty lexicon symbol"
"states/empty-lexicon.webp","empty lexicon visual asset","states","160–512 px","keep outer 12% clear; live copy remains outside artwork","dark and light","neutral","no or limited","empty lexicon symbol"
"states/installation.webp","installation visual asset","states","160–512 px","keep outer 12% clear; live copy remains outside artwork","dark and light","neutral","no or limited","installation symbol"
"states/loading.svg","loading visual asset","states","24–120 px","2 px optical padding at minimum display size","dark and light","neutral","yes — currentColor where present","loading symbol"
"states/maintenance.webp","maintenance visual asset","states","160–512 px","keep outer 12% clear; live copy remains outside artwork","dark and light","neutral","no or limited","maintenance symbol"
"states/no-activity.webp","no activity visual asset","states","160–512 px","keep outer 12% clear; live copy remains outside artwork","dark and light","neutral","no or limited","no activity symbol"
"states/no-results.webp","no results visual asset","states","160–512 px","keep outer 12% clear; live copy remains outside artwork","dark and light","neutral","no or limited","no results symbol"
"states/no-words-due.webp","no words due visual asset","states","160–512 px","keep outer 12% clear; live copy remains outside artwork","dark and light","neutral","no or limited","no words due symbol"
"states/notifications-disabled.svg","notifications disabled visual asset","states","24–120 px","2 px optical padding at minimum display size","dark and light","neutral","yes — currentColor where present","notifications disabled symbol"
"states/offline.webp","offline visual asset","states","160–512 px","keep outer 12% clear; live copy remains outside artwork","dark and light","neutral","no or limited","offline symbol"
"states/permission-denied.webp","permission denied visual asset","states","160–512 px","keep outer 12% clear; live copy remains outside artwork","dark and light","neutral","no or limited","permission denied symbol"
"states/reconnecting.svg","reconnecting visual asset","states","24–120 px","2 px optical padding at minimum display size","dark and light","neutral","yes — currentColor where present","reconnecting symbol"
"states/server-error.webp","server error visual asset","states","160–512 px","keep outer 12% clear; live copy remains outside artwork","dark and light","danger","no or limited","server error symbol"
"states/session-expired.webp","session expired visual asset","states","160–512 px","keep outer 12% clear; live copy remains outside artwork","dark and light","neutral","no or limited","session expired symbol"
"states/success-complete.svg","success complete visual asset","states","24–120 px","2 px optical padding at minimum display size","dark and light","success","yes — currentColor where present","success complete symbol"
"states/update-available.svg","update available visual asset","states","24–120 px","2 px optical padding at minimum display size","dark and light","neutral","yes — currentColor where present","update available symbol"
"states/update-required.webp","update required visual asset","states","160–512 px","keep outer 12% clear; live copy remains outside artwork","dark and light","neutral","no or limited","update required symbol"
"states/upgrade-required.webp","upgrade required visual asset","states","160–512 px","keep outer 12% clear; live copy remains outside artwork","dark and light","neutral","no or limited","upgrade required symbol"
"study/empty-library.webp","empty library visual asset","study","160–512 px","keep outer 12% clear; live copy remains outside artwork","dark and light","neutral","no or limited","empty library symbol"
"study/letter-tile-frame.svg","letter tile frame visual asset","study","24–120 px","2 px optical padding at minimum display size","dark and light","neutral","yes — currentColor where present","letter tile frame symbol"
"study/review-due.svg","review due visual asset","study","24–120 px","2 px optical padding at minimum display size","dark and light","neutral","yes — currentColor where present","review due symbol"
"study/theme-completed.svg","theme completed visual asset","study","24–120 px","2 px optical padding at minimum display size","dark and light","success","yes — currentColor where present","theme completed symbol"
"study/theme-corner.svg","theme corner visual asset","study","24–120 px","2 px optical padding at minimum display size","dark and light","neutral","yes — currentColor where present","decorative"
"study/theme-locked.svg","theme locked visual asset","study","24–120 px","2 px optical padding at minimum display size","dark and light","locked","yes — currentColor where present","theme locked symbol"
"study/unit-marker.svg","unit marker visual asset","study","24–120 px","2 px optical padding at minimum display size","dark and light","neutral","yes — currentColor where present","unit marker symbol"
"textures/charcoal-grain.svg","charcoal grain surface texture","textures","seamless/flexible","tile edges must remain seamless","dark","neutral","yes — currentColor where present","charcoal grain symbol"
"textures/gold-foil-reward.svg","gold foil reward surface texture","textures","seamless/flexible","tile edges must remain seamless","dark and light","neutral","yes — currentColor where present","gold foil reward symbol"
"textures/lexicon-pattern.svg","lexicon pattern surface texture","textures","seamless/flexible","tile edges must remain seamless","dark and light","neutral","yes — currentColor where present","decorative"
"textures/light-paper-grain.svg","light paper grain surface texture","textures","seamless/flexible","tile edges must remain seamless","light","neutral","yes — currentColor where present","light paper grain symbol"